Nummer,Achternaam,Voornaam,Tussenvoegsel,Jaartal,Materiaal,Informatie
1,Bril,Paul,,,olieverf op koper,"La guérison du Possédé. Le Christ au bord de la Mer, ordonne au Démon d'abandonner le malheureux qu'il tourmente ; les Cochons dont l'esprit malin s'est emparé , vont se précipiter dans les Flots, et leurs Gardiens s'enfuient d'épouvante. Les Apôtres et une foule de spectateurs sont témoins du miracle. On voit au loin des Montagnes élevées , des Bâtimens , la Mer et plusieurs Barques. Les Figures sont de Josesph Pin ; la réunion des talens de ce Maitre a ceux de Paul Bril, font de ce Tableau un Ouvrage très-préeicux."
2,Breughel,Jean (dit velours),,,,"Un Paysage couvert de Bois, avec nombre de Figures et de Barques auprès d'un Canal. Des Villageois et leurs Femmes sont encore épars dans la campagne , ou l'on distingue plusieurs Bâtimens. Les Amateurs y retrouveront l'exécution précieuse de ce Maître."
3,Par le même,,,,,"Ce Tableau est connu depuis long-tems sous le nom du Fendeur de Bois. On y remarque en effet, suivant son titre , un Bucheron qui relève un Arbre , tandis qu'un autre s'occupe a couper du Bois; et sur le second Plan , des Personnages assis et debout suivis de plusieurs Anes ; d'autres Figures et un Ruisseau s'aperçoivent dans le lointain. On reconnaît la touche ferme et hardie de ce Maitre, dans ce Morceau bien. conserve."
4,Brouwer,Adrien,,,,"L'Intérieur d'une Chambre basse, servant de Laboratoire a un Chirurgien de Village. On y compte cinq Figures, dont un Homme debout qui fait une opération a la tête d'un Paysan assis devant lui sur un Banc ; près d'eux l'on en voit un qui est déjà pansé et qui les regarde, tandis que le quatrième, pareillement blessé, attend son tour. On distingue encore dans l'éloignement, sur le seuil de la porte, une Femme qui tient une Lanterne ; plusieurs Instrumens de Chirurgie posés sur une Table, et quelques Ustensiles de ménage, ajoutent à l'intérêt de cette Scène qui paraît indiquer les suites d'une rixe entre Buveurs. Ce Morceau plein de vigueur , d'énergie, d'expression et de vérité, présente par la beauté du coloris et de l'exécution , une des productions les plus distinguées de cet Artiste toujours spirituel dans sa touche, et grand Coloriste."
5,Brouwer,Adrien,,,olieverf op paneel,"Scène de Tabagie. Au milieu, sur le devant, un Paysan assis près d'une Table, est endormi la tête appuyée contre une Cloison de Planches qui sépare la Pièce, ou l'on distingue encore dans le fond à droite trois Hommes , dont un qui a la tête tournée du côté de la principale Figure dont on vient de parler, et que nous présentons ici comme un Chef-d'oeuvre par le naturel et la vérité de la pose. Ce Sujet, simple en lui même , présente autant de beautés que le précédent , par toutes les perfections de la peinture qui y sont réunies , et qu'on admire toujours dans les Ouvrages de ce grand Peintre , dont Rubens faisait le plus grand cas."
6,Both,Jean & Andre,,,,"Point de Vue d'un vaste Pays de la plus étonnante richesse. Sur le devant , dans une demi-teinte savante , est un Terrain élevé et entrecoupé de Rochers , Arbustes et grands Arbres, qui servent du plus riche repoussoir à un Chemin enrichi de belles Figures, parmi lesquelles on remarque, â gauche, un Paysan sur un Ane, arrêté pour causer avec un Pâtre qui est près de lui , et deux autres du côté opposé, qui s'entretiennent pareillement ensemble; plus loin , au milieu, dans un Chemin tournant, l'on distingue un Paysan conduisant trois Vaches. La gauche est terminée par une masse de Roches de la forme la plus heureuse, et couverte presqu'en totalité de Broussailles , d'Epines et de différentes Plantes. La droite offre un lointain de Montagnes baignées par une grande étendue d'eau. Nous ne pouvons nous dispenser d'arrêter encore les yeux des Connaisseurs, sur la brillante exécution des Arbres qui enrichissent cette Production, et dont le feuillé admirable se détache avec légéreté sur le ciel le plus heureux , indiquant une belle soirée d'été. Ce Tableau capital et de la plus rare perfection , offre sans contredit le chef-d'oeuvre de son Auteur, et même de son genre."
7,Both,Jean & Andre,,,,"Ce Tableau , sans étre de la même importance que le précédent, ne lui cède pas en mérite. Il représente également un riche Paysage dont tout le premier plan offre un Terrain mêlé de Rochers et couvert de Broussailles. Au milieu s'élèvent de grands Arbres au pied desquels est un Pâtre qui joue du Chalumeau en gardant deux Chèvres; le milieu est traversé par un grand Chemin frappé du Soleil , oû l'on voit trois Voyageurs, dont le dernier conduit son Cheval par la bride. Dans le fond est une Forêt appuyée par de hautes Montagnes et une partie de Roches qui terminent le côté gauche, et ou l'on distingue les débris d'une ancienne Chapelle; du côté opposé, est un vaste lointain de Rivieres, Prairies et Montagnes dégradées avec le plus grand art. Tous les détails de ce beau site d'Italie ressortent avec vigueur, et sont éclairés par un ciel chaud et vaporeux qui y répand la plus douce harmonie. Ce Morceau de chevalet et du plus heureux choix pour un riche Cabinet, doit être aussi regardé comme de première classe."
8,Berghem,Nicolas,,,,"Point de Vue d'un Port de Mer. Tous les premiers plans sont enrichis de Figures et Bestiaux, tels que Vaches , Moutons, Chèvres et Chiens; on remarque un Fauconnier sur un beau Cheval blanc, accompagnant une Dame qui monte un Cheval bai. A gauche, près du Rivage, est un Bac ou sont déjà deux Vaches, et dans lequel on fait entrer un Mouton; plus loin, du même côté, dans une demi - teinte argentine, l'on distingue la Poupe d'un Vaisseau qui se détache sur une partie de Rochers surmontés de quelques constructions, et dont la masse bien entendue d'effet et de perspective, termine ce Point de Vue pittoresque. La partie opposée offre une grande étendue de Mer qui se perd dans l'horizon. Cette riche Composition est éclairée de la manièrqe la plus piquante, par un ciel couvert de Nuages a travers lesquels perce le Soleil, qui produit les effets de lumière les plus brillans et qui contrastent harmonieusement avec les parties qui sont dans l'ombre. Ce Morceau , du meilleur goùt, par la légéreté et la précision de son exécution , réunit tout ce que l'on peut désirer de cet habile Peirtre, dont les Productions deviennent de jour en jour plus rares dans la curiosité."
9,"Berghem
Jardin
Does","Nicolas
Karle
Jean","
du
van der",,,"Ce Morceau unique dans la curiosité , par la réunion des trois Artistes qui y ont travaillé , doit piquer et fixer sur lui l'attention des Connaisseurs. II représente un site agreste et montagneux, terminé à gauche par les débris d'une ancienne construction. On y remarque parmi les Animaux qui couvrent tous les premiers plans, un Boeuf rouge de la main de N. Berghem, à qui l'on doit aussi tout le Paysage , qui est entièrement de lui. A droite et sur le premier plan , Karel du Jardin a placé une Chèvre attachée , un Bouc noir et un Mouton levé: du cote opposé , l'on voit une Vache noire et blanche couchée , et qui sort sa tête d'une Hutte ; plus , des Moutons debout et en repos, par Jacob Van der Does. Morceau curieux tant sous le rapport de l'art, que sous celui de la réunion de ces trois Maîtres, et dont l'historique est consigné dans les Catalogues hollandais qui en ont donné la description."
10,Bega,Corneille,,,,"L'intérieur d'une Chambre basse où l'on remarque une Femme assise sur une Chaise ; a ses côtés est un Homme qui a la main posée sur son épaule et paraît causer avec elle. La droite du premier plan est enrichie de divers accessoires, tels qu'une Table couverte d'un Tapis , un Pot d'étain et une Chaufferette. A gauche , dans l'enfoncement, on distingue une Armoire près d'un Escalier qui conduit à une autre Chambre. Le désordre pittoresque des accessoires qui sont sur le devant, ajoute encore au brillant de cette Composition , dont tous les détails se détachent avec force et harmonie, sur un beau fond de Muraille parfaite ment entendu d'effet. Nous regardons ce Motceau comme une des plus heureuses Productions de cet Artiste , à qui l'on peut quelcinefois reprocher un ton factice et violâtre; mais dans celui-ci il semble, avoir égalé Adrien Ostade, dont il fut le meilleur élève, autant par la beauté de son coloris et le flou de pinceau, que par la belle entente de clair obscur qui y regne et cette justesse d'effet qui a toujours distincué les Peintres de cette grand, Ecole."
11,Berkeyden,Gerard,,1685,,"Une vue du Binnen Amstel. On aperçoit une Maison considerable, ornée d'un Balcon sur lequel deux Dames s'entretiennent ensemble. Près de l'Hôtel , Domestique selle un Cheval ; un Pont et divers Bâtimens paraissent dans l'éloignement; un Yacht est auprès du Rivage; à gauche, une longue suite de Bâtimens ombragés d'Arbres , forment une belle Rue, peuplée d'une foule de Personnages et de quelques Animaux ; quantité de Barques animent le lointain , qui s'étend jusqu'au Hooge Sluis, ou le Pont haut. Ce Tableau , d'une étonnante illusion de perspective et de vérité, présehte un Morceau du meilleur choix de cet excellent Auteur."
12,Beerstraaten,J.,,,,"Un Point de Vue de la Ville de Leyden, en hiver. La glace est couverte de Traîneaux , Patineurs et autres Personnages qui s'y promenent. On aperçoit dans l'éloignement quelques Bâtimens de la ville , tels que la Maison du poids, et une Eglise. Morceau d'un ton clair , frappant de vérité et de l'exécution la pius brillante et la plus haute dans tous ses details."
13,Bleyhoofd,Z.,,1675,,"Une jeune Personne habillée d'un beau satin blanc, et assise avec un Cahier de Musique sur ses genoux , tient de la main droite un Verre de liqueur ; un Cavalier paraît s'empresser auprès d'elle pour le recevoir dans une Soucoupe. Ce Personnage est richement vêtu, et porte un Baudrier; d'agréables Jardins forment le fond de ce Tableau , qui est d'un fini précieux,"
14,Camphuysen,Dirk,,,olieverf op paneel,"Intérieur d'une Etable où sont plusieurs Animaux. Au milieu, sur le premier plan, on voit une jeune Paysanne assise, qui partage en riant la bonne humeur d'un Pâtre ; à ses pieds sont différens accessoires, tels qu'un Seau à mettre du lait, un Vase de terre, un Panier plein de Carottes qui est renversé, et un Tonneau sur lequel est un Pot à bierre. Ce Groupe est éclairé d'une manière piquante par le jour qui vient d'une Porte coupée qui est à droite, près de laquelle est un Paysan qui travaille dans l'intérieur, et regarde, avec un autre que l'on voit au dehors, les coudes appuyés sur la porte, cette scène plaisante, où l'on remarque encore avec intérêt, dans l'enfoncement, une Chambre rustique éclairée par une Fenêtre, et dans laquelle on distingue dans un ton de dégradation et de perspective admirable, une Chaise et un Chat devant le feu où est une Marmite. Ce Morceau, chef-d'ouvre de couleur, d'harmonie et d'exécution, est digne de rivaliser avec les plus beaux Ouvrages de Paul Potter, d’Ostade, et même de Rembrandi, et l'on ne le retrouvera pas une seconde fois."
15,Cuyp,Albert,,,,"Une vue de la ville de Flessingue, en Zélande. On aperçoit sur la rivière des Vaisseaux et des Barques de différentes formes ; les uns sont à l'ancre et les autres sous voiles. Les reflets du soleil dans les eaux, leur transparence, la vapeur légère et brillante qui règne dans ce Tableau, fait d'un souffle, lui donnent un charme de vérité au-dessus de tout éloge,"
16,Clomp,A.,,,,"Point de vue de Paysage avec Animaux, dont un Troupeau de Chèvres er Mouton près desquels est un magnifique Taureau debout Morceau de la meilleure touche de ce Maître et d'une excellente couleur."
17,Durer,Albert,,,,"Tableau en forme de Tabernacle, à double volets peints en dehors, et en dedans. L'Intérieur représente un sujet de Vierge tenant l'enfant Jésus, au milieu d'Anges et de Chérabins qui font un Concert céleste. Les Personnages se détachent sur un fond de Paysage du plus rare fini. Le sujet des Peintures de l'ntérieur des volets, indique les Portraits des Donateurs, accompagnés de Figures symboliques. Cet article respectable de l'ancienne Peinture, mérite toute l'attention des Curieux, et doit être regardé comme un Morceau chronologique et en même tems classique."
18,Par le même,,,,,"Le Portrait d'albere Durer, en buste, peint par lui-même, à l'âge de 32 ans. Ce Tableau porte la date de 1503, er le monogramme ordinaire de cet habile Peintre. Morceau d'un fini précieux et de la première rareté."
19,Dow,Gerard,,1660,,"L'Intérieur d'une ancienne Voûte en partie ruinée, on y voitun Hermite à genoux devant un Tertre où sont posés une Bible ouverte, une Tête de mort et un Panier d'osier sur lequel est une Chandelle dont la lumière pâle et blanche contraste avec l'éclat du jour et produit l'effet le plus juste. Ce Vieillard plein d'expresion, a les Mains jointes et est en contemplation devant un Crucifix élevé derrière le Tronc d'un vieux Chêne. Une belle plante de Chardon, un Baril et une Lanterne renversée , forment une admirable Richesse sur toute la gauche du premier Plan, où se voit encore une partie d'eau limpide et transparente. Ce sujet est éclairé d'une manière brillante et harmonieuse , par un Percé d'où sortent des Rayons du Soleil qui frappent avec le plus grand art sur tous les détails, et découvre dans l'éloignement les Ruines d'anciennes constructions, et le point de vue d'une vaste Campagne.
Il est d'usage, et même c'est un devoir pour nous, d'analyser les Beautés des Morceaux les plus distingués d'une Collection, pour attirer et fixer sur eux les regards ou l'attention des connaisseurs, mais dans quelque détail que nous puissions entrer, nous ne parviendrons jamais à donner une idée juste de la perfection de ce rare Morceau, que l'on doit regarder comme le chefd'æuvre de ce Maître, autant par sa grande dimension que par le sublime de son exécution. Il a l'avantage de joindre au plus admirable fini, et à une brillante et forte couleur, ce degré d'harmonie et de clair obscur qui produit une telle illusion, que l'on croit à la réalité des différens objets qu'il représente. Malgré la richesse du Musée Napoléon en Ouvrages de ce Peintre, nous osons assurer que celui-ci, qui se rapproche du genre de l'histoire, par son style et la manière dont il est traité, pourrait y tenir le premier rang."
20,Par le même,,,,,"Portrait d'un Bourgmestre et de sa Femme, tous deux à mi-corps, et l'un et l'autre dans les Costumes du tems. L'homme a un chapeau sur sa Tête et porte une Fraise au col, sa femme est dans un habillement noir ajusté d'une Fraise plissée. Ces deux Portraits peuvent être de Gérard Dow dans ses premiers tems."
21,Dusart,Corneille,,,olieverf op doek,"Fête villagoise. On y remarque tout le désordre et le mouvement d'une Foire, et plusieurs groupes de Danseurs. Un d'eux occupe le devant du Tableau. Le Joueur de violon est élevé sur un Banc. Un petit Garçon passe la tête entre les jambes du Ménétrier et semble se moquer de tout ce qui l'entoure. On lit sur le bois d'une Charrue , Corn.... Dusart. 1684. Cette riche Composition offre dans tous les détails un des Ouvrages de choix de cet excellent Peintre, et serait digne de rencontrer pour pendant une production d'Isaac Van Ostade."
22,Dusart,Corneille,,,,"Paysan vu à mi-corps à la porte de sa Chaumière. Petit Tableau d'une excellente couleur et de la meilleure touche , pouvant soutenir la comparaison avec la belle manière d'Ostade."
23,Does,Simon,van der,,,"Point de vue de paysage orné de belles Plantes sur le devant, et couronné dans le fond par des Arbres et des Montagnes. Les Moutons, les Chèvres et les Vaches que l'on y voit gardés par un Berger , sont du plus beau faire de ce Maître si estimé dans ce genre."
24,Does,Jean,van der,1664,,"Riche Paysage terminé dans le milieu par de hautes Montagnes, et pris à l'effet d'une soirée d'été. Les devans offrent une riche Vallée couverte des plus belles Plantes, dans laquelle un nombreux Troupeau de Boufs, Moutons, Chè vres et Béliers, ainsi qu'un Chien, sont en repos à l'ombre d'un massif de grands Arbres du plus beau feuillé, qui s'élèvent sur la partie droite. La gauche présente un beau lointain de pays enrichi de quelques Ruines de menus mens. Tous les détails de ce Tableau sont éclairés par un ciel brûlant, dont les effets sourds et mystérieux produisent aux yeux des spectateurs l'illusion la plus complète, et ajoutent encore au mérite particulier de ce Morceau, que nous présentons comme un chef-d'æuvre d'éxé. cution et de clair obscur digne d'honorer les plus beaux Cabinets."
25,Ducq,Jean,le,,,"Intérieur d'un Corps de garde. Des Oficiers, des Soldats, des Femmes debout et assises, forment des groupes variés et répandus avec art dans ce Tableau. De nombreux accessoires ajoutent encore à sa richesse. Certe composition de vingt Figures offre un ouvrage aussi capital que précieux dans tous ses détails."
26,Demony,Francois,,,,"L'Intérieur d'un Ménage. On voit au milier une Mère accompagnée de ses deux Enfans; elle est assise et occupée à faire de la dentelle, er semble rassurer le plus jeune qui est effrayé à la vue d'un Chat grimpé sur la Cage de son Oiseau. Différens accessoires y sont répandus avec intérêt et enrichissent ce joli Morceau, qui par le ton de couleur et le précieux de l'exécution, tient à la manière de Gérard Dow, que ce Peintre s'est plu à suivre."
27,Elzeimer,Adam,,,,"Point de vue d'un riche Paysage site d'Italie, pris à l'effet d'une nuit d'été, par un beau clair de lune. L'Artiste y a représenté le sujet de la Fuite en Egypte. Au milieu, sur le premier plan, l'on voit la Vierge tenant dans ses bras l'enfant Jésus, et Saint Joseph qui conduit l'Ane d'une main , et de l'autre tient un Flambeau allumé; plus loin, à droite, sur une Hauteur, est une Cabane de paysan dont la porte ouverte laisse voir la clarté du feu qui est dans l'intérieur, et deux jolies Figures dont une Femme qui paraît indiquer à un Homme le chemin qu'il doit prendre. Ces détails piquans ressortent dans l'effet le plus juste, sur un Massif de grands Arbres qui terminent cette partie. Lecôté opposé offreun Pays immense entrecoupé de Côteaux, de Montagnes, et encore enrichi de différens Arbres de la plus belle forme qui se détachent harmonieusement sur un ciel tranquille où brille l'éclat argenté de la Lune que l'on aperçoit au-dessus de l'horizon. De plus, on distingue dans le lointain des Bergers qui se chauffent auprès d'un feu à l'entrée d'une Forêt où ils gardent leurs Troupeaux. C'est dans la nature seule, que ce grand Peintre a toujours consultée , qu'il a pu trouver le moyen de rendre avec autant de vérité le sujet de cette rare production. La distribution admirable de ses plans, la manière piquante dont ils sont éclairés, les différens effets de lumière en opposition les uns avec les autres , et cependant toujours en harmonie entre eux, le ton mystérieux de la clarté de la Lune, la fraiche de la nuit, tout, en un mot, contribue à pré senter ce Tableau comme un chef-d'ouvra d'exécution , de coloris et de science dans l'art du clair obscur."
28,Le Pendant,,,,,"Paysage montagneux, enrichi de Plaines et de Côteaux. Sur le devant, à gauche, près d'une Construction pittoresque en charpente, est un Groupe de cinq Figures, indiquant le moment où le charitable Samaritain donne asile au Malheureux qu'il a rencontré. La partie droite offre une Montagne élevée, traversée par différens Chemins, où le Peintre a placé avec le plus grand art un nombre de petites Figures de la touche la plus spirituelle; le fond est terminé par l'entrée d'une Forêt, et les Ruines d'anciennes Fortifications, placées dans un degré de perspective admirable, et dont le ton se lie harmonieušenient à un Ciel pur et argentin. Ce Tableau sort de la classe ordinaire des productions de ce Maitre, et il offre le mérite de tous ses Ouvrages, qui consiste dans un grand goût de dessin, un précieux fini, er l'avantage de rendre la nature avec une vérité étonnante, jusque dans ses moindres détails."
29,Eckout,Gebrande,van,1658,,"Abraham et Sara sa femme, dans le moment où l’Envoyé de Dieu leur ordonne de quitter la Mésopotamie. On admire derrière eux, et dans la demi-teinte la plus savante, différens Groupes de Serviteurs et d'Animaux. Cette étonnante Composition offre divers accessoires sur le devant, tels qu'une Selle, une Cruche et du Fourrage. Plusieurs Figures s'aperçoivent encore dans un lointain de Paysage orné de Bâtimens d'une antique Architecture. Magie de couleur, expression, vérité, beau caractère, perspective, rien ne manque à cet admirable Tableau , qui peut rivaliser avec les plus beaux Ouvrages de Rembrandt."
30,Par le même,,,,,"Sujet du Calvaire, Composition capitale et nombreuse en Figures groupées avec art sur ses différens Plans. On y voit à gauche le Ch attaché sur la Croix, auprès de laquelle . tingue la Vierge accablée de douleur nant sur ses Genoux la Tête d'une des Femmes qui partage son affliction; derri Groupe est Saint Jean, et presque sur la devant, du même côté, plusieurs Bourrea qui attachent un des Larrons sur l'instrume de son supplice. La partie droite offre pombe de Femmes, d'Enfans et de Soldats, done plusieurs amènent le second Larron; d'autres qui insultent à la majesté du Fils de Dieu, et semblent s’entretenir du pårtage des dépouilles. Cette Production de caractère est soutenue du plus riche ton de couleur."
31,Victoors,Jean,,1651,,"Cet admirable Tableau doit propager et consacrer la réputation de son Auteur, inconnu jusqu'à ce jour, et que nous placerons au nombre des plus grands Peintres de l'Ecole de Rembrandt A la première inspection de ce Chef-d'æuvre, nous l'avions cru de Jean Fictoors, dont le Muséum possède un seul Tableau , nouvellement acquis, et qui représente une Femme à sa Fenêtre. C'est le même faire, le même coloris, la même légéreté dans les Cheveux, le même éclat dans les Vêtemens et dans les Chairs; nous étions tellement frappés de cette ressemblance, que nous n'avions pas hésité, dans le premier extrait de notre Catalogue, de classer ce Tableau sous le nom de Jean Fictoors; inais il nous est démontré, par la signature authentique et pure, que ce nom est positivement controuvé. Il est vraisemblable, par la similitude des écritures, que l'on doit avoir substitué une F au V du véritable nom, dans la crainte, sans doute, que ce grand Peintre de l'Ecole de Rembrandt, ne soit confondu avec l'élève de Rubens, également appelé Victoors. C'est donc un devoir pour nous de réintégrer dans la gloire qui lui appartient l'Auteur du Tableau que nous offrons à l'admiration des connaisseurs. Il représente le moment où Tobie vient de recouvrer la Vue et se prosterne devant l'Ange, qui remonte vers le Ciel. Anne, femme de To bie, est derrière le Patriarche; on voit son fils auprès d'elle, et Sara son épouse : tous trois sont à genoux, et comme en extase du bienfait miraculeux. Dans l'éloignement on distingue des Chameaux et leurs Conducteurs.Cer Ouvrage éclatant de couleur, et de la plus rare beauté, est digne d'honorer la Galerie la plus renommée."
32,Fyt,Jean,,,,"Sujet de différens Gibiers morts, dont un beau Lièvre suspendu à une Branche d'Arbre. Une Cage, des Filets et une Flûte ajoutent à la richesse de ce Tableau très-précieux dans son genre."
33,Gelder,Arnout,de,,,"Ce Tableau, d'un effet surprenant, représente le Roi David sur son Lit de mort. En premier plan, et à droite, Betzabée magnifiquement has billée, et les Bras croisés sur sa Poitrine, est assise devant le Roi, er semble, par son artitude respectueuse, solliciter la Couronne pour son fils Salomon. A gauche, sur une Table cou. verte d'en Velours violet, on voit un Sceptre, une Couronne et un Vase d'or..
Cette scène intéressante offre un Chef-d'ouvre de couleur, d'expression et d'harmonie."
34,Par le même,,,,,"Portrait d'un jeune Garçon, vu à mi-corps, appuyé d'une Main sur le Pieu d'une Balustrade, et tenant de l'autre un Bâton. Il est coiffé d'un Chapeau placé d'une manière pittoresque sur le derrière de sa Tête, et ses longs Cheveux tombent en Boucles sur ses Epaules. Belle Etude, d'une exécution et d'un coloris admirables. "
35,Goyen,Jean,van,,,"Une Vue prise en hiver, de la Maison de Merwe, située sur la Rivière auprès de Dor drecht. On voit sur la Glace une Tente remplie de Provisions pour les Patineurs, et un grand nombre de Traîneaux ornés, et d'autres chargés de Marchandises. On reconnaît encore dans l'éloignement la Ville de Dordrecht er le Kil. Tableau du meilleur goût de touche, et du plus agréable détail."
36,Griffier,Robert,,,,"Magnifique Point de Vue de Paysage, aux bords du Rhin. On aperçoit sur une Coline une Maison entourée d'Arbres, et différens Personnages dispersés dans la Campagne. Dans l'éloignement, on distingue un Village heureusement situé dans une Plaine, que baigne une Rivière chargée de Bateaux."
37,Le Pendant,,,,,"Ce Tableau de même genre, et qui fait Pendant, offre également une Vue du Rhin. Un Villageois placé sur le premier plan, fait danser différens Groupes au son du Violon. Ce Tableau d'un égal mérite que le précédent, est comme lui d'un fini précieux."
38,Par le même,,,,,"Un site montagneux, que traverse une Rivière. Sur la droite, un Rocher qui fait la Voûte, laisse apercevoir un Ciel brillant. Il éclaire au loin une Femme à cheval, et près d'elle est un homme qui l'accompagne. Un autre Cavalier est placé en avant, près de l'Ouverture du Rocher. Sur la gauche, au-delà de la Rivière, on découvre une Cascade et des Bois. Différentes Figures assises et debout, un Bouc et des Moutons, dans des attitudes variées, ajoutent encore à la richesse de cette Composition."""
39,Griffier,Jean,,,,"Une Vue du Rhin. Des Barques chargées de différens Personnages animent cette Composition; plusieurs Maisons couronnent les hauteurs du Paysage, et vers la gauche, on aperçoit une Voiture pleine de Voyageurs."
40,Le Pendant,,,,,"Une autre Vue du Rhin. Un grand nombre de Passagers descendent le Fleuve dans des Barques. Au pied des Montagnes qui sont vers la gauche, on distingue une Auberge et plusieurs Personnages qui s'amusent à voir jouer aux Quilles.
Ces deux Tableaux sont riches et soignés."
41,Hals,Franc,,,,"Sous un Vestibule ouvert, et qui laisse apercevoir un fond de Jardin, un Personnage dans un riche Costume, et une Dame magnifiquement habillée, sont tous deux assis sur un Banc de pierre. On voit s'approcher d'eux avec respect un jeune Homme et une jeune Dame, dont les Vêtemens sont également distingués, et d'une mode antique. Ce Tableau qui, vraisemblablement, offre des Portraits de famille, est d'une touche hardie et de la plus vive couleur."
42,"Heyden
Velde","Jean
Ad","van der
van de",,olieverf op doek,"Une Vue du Vegt, auprès de Maarsen. De droite et de gauche s'élèvent deux portes en forme d'Arcades. Le milieu du Tableau représente une Place et un Jardin où plusieurs Personnes se promènent, tandis que des Ouvriers y travaillent. Une Maison d'une riche Architecture construite en Brique, un Pont et d'autres Bâtimens entourés d'Arbres terminent la perspective. On voit en troisième plan, au milieu de cette brillante Composition, une Femme portant un Enfant sur son bras , avec un autre qu'elle tient par la main, sur le Chemin qui borde le Vegt, où l'on remarque un yacht très-orné rempli de différens Groupes , et des Cygnes qui nagent vers la droite, au milieu de plusieurs Bateaux de Pêcheurs, où sont leurs Filets. Ce Tableau capital, et de la plus grande richesse, offre une égale perfection dans ton détails. Le fini précieux des Bâtimens e Arbres, la touche spirituelle des Figu légéreté, le brillant du Ciel, et la tra des Faux, font reconnaître dans leur ensemb toute la vérité de la nature embellie."
43,Hooge,Pierre,de,,olieverf op paneel,"Intérieur d'une Chambre hollandaise, dans l'ancien style. A droite, sur le premier plan, près d'une grande Fenêtre, on voit trois Personnages autour d'une Table couverte d'un Tapis. L'un d'eux, assis, tient son Chapeau sur l'un de ses Genoux, et avance la Main pour recevoir un Verre de Liqueur que lui présente une Dame qui est debout, vue par le dos, dans un Déshabillé du matin, composé d'un large Casaquin de velours noir, et d'un Jupon de même étoffe cramoisi, avec Galon d'or au bas, tandis qu'un jeune Homme, d'une figure aussi riante qu'agréable, imite avec deux Pipes le mouvement d'un archet sur le violon. Dans le fond de la piece, à gauche, est une Servante qui apporto on Réchaud. Le fond de cette Composition, aussi simple que vraie, présente une grande Cheminee, dont le Manteau est soutenu par deux Colonnes, er sur lequel est un Tableau, dont la couleur et l'effer indiquent un Ouvrage de Ferdinand Bol. Plus loin, sur la Muraille, on aperçoit encore une Carte de géographie. Ce n'est qu'en voyant ce Tableau, aussi juste que magique dans son effet, qu'il est possible de l'apprécier."
44,Par le même,,,,olieverf op paneel,"Dans une Chambre ornée de différens Meubles, on voit une charmante Femme, magnifiquement habillée, et assise près du Berceau de son Enfant qu'elle tient sur ses genoux. A droite, sur je devant, et dans une demi-teinte d'une transparence adınirable, est une Table couverte d'un Tapis, où est un Panier rempli de Linge. Au fond de la pièce , du même côté, une Porte ouverte laisse apercevoir quelques Maisons de la Tue, et produit un effet lumineux qui contraste d'une manière piquante avec le ton mystérieux de la partie gauche, où l'on remarque encore une Servante qui nettoye le plancher. Le jo éclatant qu'une Fenêtre répand de côté sur un Muraille blanche, est d'une telle vérité, que exposant ce Tableau on a vu plusieurs Per. sonnes s'y tromper elles-mêmes, croire que le soleil frappait dessus , et prendre l'imitation pour la nature : tout autre éloge sur ce Morceau ne saurait valoir cette méprise."
45,Heuss,Guillaume,de,,,"Bon Tableau de Paysage, où l'on voit sur le devant un Chasseur suivi de ses Chiens , et qui marche à côté d'un Homme à cheval. D'autres Personnages sont répandus dans le lointain. Les Figures sont de J. Lingelback."
46,Hugtemburg,Jean,,,,"Attaque d'un Convoi militaire à l'Entrée d'un Bois ; plusieurs Chariots chargés de bagages, sont enveloppés par une nombreuse Cavalerie. Composition chaude, énergique et pleine de mouvement, offrant un des Ouvrages distingués de son Auteur."
47,Huysem,Jean,van,,,"Très-beau Paysage d'Italie, et de site montagneux, enrichi de différens Monumens d'architecture et de débris de colonnes, placés sur uu tertre. A la droite sont de grands Arbres précieusement fenillés; et sur le premier plan, offrant de belles pelouses , l’Artiste a placé quatre Figures, dont une Femme qui porte un Paquet sur sa tête."
48,Par le même,,,,,"Un autre Point de Vue de Paysge, aussi riche que le précédent, et traversé dans toute son étendue par une Rivière de l'eau la plus limpide. Sur le premier plan, à droite, sont trois Figures de Pêcheurs.ints a
Ces Morceaux, qui sortent du genre ordinaire à ce-Maitre, qui a excellé dans les Fleurs, sont également appréciés par les connaisseurs, et admis dans les plus riches Cabinets."
49,Hemskerck,Jean,,,,"Réunion de Paysans dans une Tabagie : les uns s'amusent à fumer et à boire ; un autre par raît s'occuper fort gaiement de l'Hôtesse, qui tient de la main gauche un Verre de vin. Des Meubles de tout genre forment de riches accessoires dans le fond du Tableau."
50,Le Pendant,,,,,"Sujet du même genre. Un Vieillard assis, se montre très-pressant auprès d'une jeune Fille; un autre Villageois, plus tranquille, est également assis auprès d'un Tonneau qui supporte une Cruche à bierre. Dans l'éloignement, divers Personnages dans la même attitude, s'amusent à jouer aux cartes auprès du feu. Ces deux Tableaux, touchés avec esprit, rappellent la manière facile et piquante de Teniers."
51,Jardin,Karle,du,,,"Une partie de Fabriques pittoresques, servant de Forge à un Maréchal. On y voit un Cheval de couleur isabelle et blanche , que l'on est occupé à ferrer, et à côté de lui un autre de ton brunâtre; er plus loin , derrière ce Groupe, un Paysan sur un Cheval blanc , et qui est précédé d'un Ane ; dans l'enfoncement on aperçoit un Ouvrier qui est à sa Forge : l'effet produit par le feu , contraste d'une inanière harmonieuse avec celui du jour qui éclaire tous les Objets. Parmi quelques accessoires , on remarque un Chien couché et endormi près d'une Enclume. On ne peut offrir ni désirer une Production plus vraie et plus naturelle que celle-ci ; on y admire cette moelleuse et surprenante exécution qui distingue les meillevres Productions de cet Auteur, qui a rendu tous les effets de la nature avec un degré de perfection qui le place au premier rang, et dont les Ouvrages viennent plus rares de jour en jour. Nous sommes assurés que les Amateurs instruits penseront comme nous, en y fixant leur attention."
52,Jardin,Carle,du,,,"Représentation pittoresque d'un site de Rochers et Montagnes servant de retraite à des Voleurs ; plusieurs d'entre eux, dont deux à cheval , sont en embuscade, et attendent le passage de plusieurs Voyageurs que l'on voit dans l'éloignement, sur un Pont qui traverse une Rivière et conduit l'æil à des Montagnes agrestes, frappées, avec le plus grand art, par un effer de soleil levant. Une partie encore ad mirable de cette Composition, pleine de cas ractère et d'expression, offre, sur la gauche, près d'une Masse de Rochers, un de ces Brie gands qui semble souffrir de quelques blessures; il est assis pres d'un feu et environné de différens accessoires. Tout le premier plan, dans une demi-teinte vigoureuse , et du plus admirable clair obscur, forme un contraste frappant avec le ton argentin des derniers plans, qui se lient, de la manière la plus harmonieuse, à un ciel brillant er heureusement nuagé. Ce Morceau offrant une des plus savantes Etudes de cet habile Artiste, en Italie , doit, sans contredit, être placé au rang de ses meilleurs Ouvrages, autant par la force du coloris , que par la beauté de l'exécution."
53,Janson,J.,,,,"Point de vue de Paysage, enrichi , sur la droite, de Ruines d'une ancienne Porte construite en brique. On y voit, sur différens plans, quelques Figures et Bestiaux, dont, sur le devant, au milieu, un Pâtre près de son Chien qui garde un Troupeau de Moutons ; la gauche est terminée par une Rivière et un lointain de Plaines et de hautes Montagnes. Morceau d'une jolie couleur et d'une exécution agréable."
54,Lys,Jean,,,,"Le sujet de l'Enfant prodigue représenté dans un Jardin, au milieu de ses Amis et de Maîtresses. Morceau d'une grande force de con leur et d'une touche remplie de goût. Ce Peintre très-estimable, a suivi la belle manière de ve lasques, en traitant ce sujet dans le style es pagnol."
55,Limborch,Hendrik,,1715,,"La Vierge des Pays-Bas, personnifiée par une belle Femme que l'on voit assise vers la droite; elle met, en signe d'abolition de servitude dans un pays libre, le bonnet de la liberté sur la tête d'un Esclave prosterné devant elle ; une troisième Figure debout, drapée, caractérisant la Sagesse , est entre ces deux Personnages, et tient de la main droite une médaille, et de l'autre un anneau d'or ; à la gauche est une partie d'Architecture, où l'on voit la Statue de l’Abondance. Cette Allégorie rappelle une époque mémorable pour la Hollande; et ce sujet, intée ressant par lui-même, est traité avec toute la grâce du pinceau et le brillant du coloris de cet Artiste justement recommandable, et qui fuf un des premiers Elèves de Van der Werf."
56,Lingelback,Jean,,1661,,"Port de mer, enrichi sur les devans de nombre de Figures dans différens costumes; on y voit encore des Matelots et Forçats ; le milieu est décoré d'une Statue d'Empereur, qui se détache sur un beau fond de ciel ; à gauche est une Fontaine où l'on remarque, entr'autres Personnages, une Femme qui tient une Cruche; la partie droite est terminée par une Etendue de Mer et une Chaîne de Montagnes. Ce Morceau, de la plus admirable exécution et du plus grand détail, offre un des Ouvrages capitaux et du meilleur choix de ce grand Peintre."
57,Par le même,,,,,"Un sujet aussi naturel qu'agréable, pris dans le tems de la moisson. On y voit, dans le milien, un Chariot attelé de deux Chevaux, que des Paysans sont occupés à charger de foin. Les premiers plans sont enrichis de diverses Figures, parmi lesquelles on distingue un Personnage et une Dame qui paraissent revenir de la cha Ce joli Tableau , clair dans toutes ses partie offre une des Productions distinguées de cet ar' tiste, qui semble avoir voulu imiter Ph. Wouvermans, autant par la composition que par la touche."
58,Mieris,Francois,,1658,olieverf op paneel,"Dans un Intérieur de Chambre à coucher, se voit une jeune et jolie Femme, de carnation blonde, vêtue d'une jupe de satin blanc et d'un Corset rouge relevé de Broderies en argent, et d'une large Collerette ; elle porte au col un Collier de Perles du plus bel orient, et ses Cheveux naturellement bouclés , tombent négligemment sur ses épaules, et sont simplement ornés d'une Rosette de Ruban bleu. Cette Personne aussi aimable que vraie, est assise devant une Table couverte d'un riche Tapis de Turquie, ou elle est occupée à former un Collier avec des Perles qu'elle retire d'une Boîte de Laque du Japon. Sur un plan reculé, et dans un admirable ton de demi-reinte, le Peintre a placé une jeune Fille qui paraît avoir apporté une Aiguière d'argent dans son Plat, et s'arrête pour attendre les ordres de sa Maîtresse. Le fond, entièrement sacrifié à l'éclat du Sujet et de ses détails, laisse distinguer un Lit d'Etoffe verdâtre, surmonté de Panaches en plumes. Il est impossible de citer un Ouvrage plus parfait, de François Miéris ; il joint au charme du plus admirable fini, celui du Sujet , qui est le plus grâcieux qu'il ait traité, et cette étonnante vérité dans les moindres détails, qui brille dans toutes ses Productions, et l'ont placé au premier rang des Peintres de cette savante Ecole. Nous pouvons dire avec assurance, qu'il est cité dans tous les Auteurs comme son chef d'œuvre."
59,Par le même,,,1665,,"Le Portrait d'une belle Femme, vue de trois-quarts jusqu'aux genoux, la gorge et les épaules découvertes, dans le plus riche Han ment de satin blanc, dont les manches découpées à la manière espagnole; son col. orné d'un beau Collier de Perles, et ses Chever bruns naturellement bouclés, d'une Toque enri chie de Pierreries. Elle soutient sa Robe de la main gauche, et tient de l'autre une Pêche qu'elle vient de prendre dans une Corbeille de Fruits que lui présente respectueusement un Page. Ces deux Figures se détachent tout en clair sur un fond de Bâtiment, avec lointain d'un Parc, où l'on distingue la Statue de l'Amour sur un Piédestal. Rien ne justifie davantage l'importance et la richesse de ce Cabinet, que d'y rencontrer deux Ouvrages de Miéris, aussi capitaux et aussi parfaits d'exécution, tandis que les plus belles Collections attendent depuis longtems l'occasion de s'en procurer."
60,Mieris,Francois,,,,"Portrait d'un Personnage, vu de trois-quarts, dans un Ajustement noir, avec large Rabat de Dentelle. Petit Morceau plein de vérité, et d'une excellente couleur."
61,Mieris,Guillaume,,,,"Sous une Voûte de Roche, à travers la quelle on découvre sur la droite un fond de Paysage et l'Incendie de Sodôme, le Peintre a placé Loth entre ses deux Filles , recevant de l'une une Coupe d'or remplie de Vin, tandis que l'autre qui est assise et presque nue, le regarde en soutenant un Vase d'argent. De belles Draperies, différens Vases, une Grappe de Raisin, une belle Plante de Chardon, sont les accessoires qui enrichissent cette aimable Composition. Ce Morceau précieux est d'un excellent choix parmi les Ouvrages de ce bon Peintre."
62,Meer,Jean (de Delft),van der,,,"L'Intérieur d'un Salon, avec grands Carreaux de Marbre noir et blanc. On y voir dans le milieu un Homme assis, et vu par le dos, faisant de la Musique avec deux jeunes Personnes. L'une touche du Clavecin, tandis que l'autre chante en battant la mesure. A droite Table négligemment couverte d'un Tan Turquie, où sont posés des Livres de Mu et une Guitare. On distingue encore dans demi-teinte une Basse jetée à terre. Van Meer, de Delft, est un des Peintres qui a le plu approché de la manièie large et moelleuse de Gabriel Meizu, et ses Ouvrages sont tellement rares, particulièrement en Sujets composés, que les Amateurs sont réduits aujourd'hui à se contenter de quelques Portraits d'Artistes, de la main de cet Auteur, dont les productions ont toujours été regardées comme classiques, et dignes de l'ornement des plus beaux Cabinets."
63,Moor,Carle,de,,,"Le Portrait du Czar Pierre le Grand, Empereur des Russies."
64,Par le même,,,,,"Celui de l'Impératrice Catherine, son épouse. Ils sont représentés à mi-corps et en regard , dans le riche costume de leur dignité. Morceaux
indique que les article aussi intéressans par le grand mérite du Peintre que par les Personnages qu'ils représentent."
65,Mignon,Abraham,,,,"Un sujet de genre, offrant une Perdrix et différens Oiseaux morts groupés sur l'Entable. ment d'une Niche de pierre. Morceau du fini le plus précieux et le plus vrai."
66,Meyer,A.,,,,"Point de Vue d'un Village, offrant à la droite une Eglise entourée d'Arbres et de Chaumières. Dans le milieu est un Pont qui traverse un Canal où passe un Troupeau d'Animaux. Ce Morceau, d'un riche détail et soigné, indique que cet Artiste s'est attaché à suivre la manière de Winantz."
67,Netscher,Gaspard,,1662,olieverf op doek,"Dans l'intérieur d'une Chambre basse, l'on voit une jeune Paysanne assise, et occupée à faire de la Dentelle; son visage, de profil, se détache dans un ton de couleur le plus fin et le plus vigoureux, sur un fond de Muraille grisâtre et argentin. Son Habillement rustique est composé d'une Jupe verte et d'un large Manteau de lit rouge, et sa tête est coiffée d'un béguin brodé en noir, indiquant l'ajustement des Filles orphelines. La position simple et naturelle de cetre Figure, porte un caractère de vérité qui frappe de surprise et d'admiration. Il n'y a pour tous accessoires qu'un Ballet et deux Souliers L'Artiste a ingénieusement interrompu l'uniformité de la Muraille, en y plaçant une Estampe de Paysage, négligemment attachée par deux clous, et sur laquelle il a placé son nom. Ce Morceau au-dessus de tout éloge, offre encore un des rares et précieux articles de ce Cabinet."
68,Neer,Hart,van der,,,"Peint sur bois, larg. 24, haut. 16 poz.
Point de Vue d'un Canal d'une étonnante perspective, richement bordé d'Arbres et des Maisons d'un village, et pris à l'effet d'un beau clair de lune. Ce Morceau, un des chefs-d'œuvres de son genre, est étudié avec tant d’art, qu'il produit une illusion complète, et nous osons assurer que cet Artiste , fidelle imitateur de ces sortes d'effets, n'a rien produit de plus parfait."
69,Par le même,,,,,"Un autre Tableau, encore du meilleur choix dans son effet et son exécution. Il représente une grande étendue d'un Canal glacé où sont divers Patineurs. La partie gauche, enrichie de plusieurs Chaumières entourées d'Arbres, indique l'entrée d'un Village agréablement situé; vers le milieu, et sur en Chemin tournant, on remarque un Chasseur suivi de son Chien, et un Personna qui regarde ce beau Point de Vue. Ce Morceara plein de goût, et frappant de vérité, est pris l'effet du jour, et forme une variété intéressante avec l'effet magique et vigoureux du précédent."
70,Ostade,Adrien,van,,olieverf op paneel,"Intérieur d'une Tabagie hollandaise, où l'on compte dix Personnages parmi lesquels, sur le devant , vers la droite, et près d'une Cheminée, sont deux Paysans et une Femme qui se disposent à boire. L'un d'eux est assis, tenant son Chapeau de la main gauche, et offrant de l'autre un Verre de bierre à cette Femme, qui est appuyée sur une Table, où l'on voit encore cinq Paysans qui causent après leur repas, tandis qu'un Mendiant joue de la Vielle à côté d'enx. Cette scène naturelle se trouve éclairée par le Croisée garnie de feuillage, et qui donne sur la campagne. Parmi les divers accessoires répandus dans cette Chambre rustique', on remarque encore une Escabelle couverte d'un Coussin ou est une Pipe. Ce Tableau, d'une admirable entente de clair obscur, est soutenu d'un ton de couleur chaud et doré, qui rappelle la magie et la force des effets de Rembrandt; et il suffira aux Connaisseurs de le voir, pour être persuadés qu'il n'est pas possible de porter plus loin l'imitation de la nature, tant dans le mouvement que dans le caractère des différens Personnages qui composent cette belle Production."
71,Ostade,Isaac,van,,,"Une Composition aussi naturelle que pittoresque, offrant à gauche une Masure élevée sur d'anciennes Murailles de brique, ouvertes en arcades, et offrant le percé le plus agréable sur la Campagne, en éclairant d'une manière brillante un Groupe de cinq Personnages, dont la Figure principale est une Marchande de Fruits et de Légumes. Sur les Marches de cette habi. tation, on distingue encore un Paysan qui porte an Panier, et plus haut une Fille occur filer au Rouer, ainsi que nombre de détails ajoutent à la richesse de cette admirable P duction. Nous nous arrêterons encore avec inte rêt à un gros Arbre, dont le feuillage, d'un grande fraîcheur, contraste parfaitement avec ton chaud et doré de toutes les autres parties de certe Composition, qui en présentant la situation la plus vraie , offre aussi toutes les parties de l'art dans leur perfection, telles que les Connaisseurs les admirent à juste titre dans les ouvrages de cet excellent Coloriste, à qui on a attribué souvent des Tableaux qui, regardés par des yeux exercés, ne sont que de faibles imitations. Quant à celui-ci, nous le présentons comme très-authentique et du meilleur choix."
72,Os,Jean,van,,,"Rassemblement pittoresque de Fleurs et de Fruits des plus belles espèces, ingénieusement groupés, partie dans une coupe de matière precieuse, et l'autre négligemment jetée sur une Table de Marbré. On distingue parmi les on Ananas, des Raisins noirs et blancs, avec Prunes, Melons', Pêches, Grenades, Abri, cots, etc. ; et parmi les Fleurs, des Roses de différentes espèces , des Anémones, des Pavots, des Oreilles d'Ours, etc. Une richesse encore très-piquante, et pleine d'intérêt, est un Nid d'Oiseaux avec ses æufs, et une Souris qui gruge une noix. Tous les détails de cette aimable Production se détachent sur un fond d'Architecture et de Paysage tout en clair, er néanmoins sacrifié à leur éclar et à leur fraîcheur. De tous les tems les amateurs hollandais se sont empressés d'accueillir les Ouvrages de Van Os, qui à reparu avec éclat pour soutenir ce genre agréable dans lequel Van Huysum s'est illustré. Celui que nous présentons est un de ses heureux Ouvrages, et en même tems de la plus riche ordonnance.
"
73,Porbus,Francois,,,,"Buste de caractère, offrant un Personnage âgé,vu de face, et portant sa barbe suivant du tems. Morceau d'une grande vérité."
74,Potter,Paul,,1647,olieverf op paneel,"Point de Vue de Paysage pris à l'effet d'une à fraîche matinée, à l'heure où les animaux vont
la prairie. La droite offre une Chaumière près de laquelle est une Paysanne assise sur un Banc. Elle tient dans ses bras et sur ses genoux un jeune Enfant qu'elle parait vouloir embrasser, mais qui se retourne du côté d'une Vache noire qu'il semble menacer de son bâton. Près de cette Femme, er sur une Pelouse, sont deux Cochons, dont l'un est couché. La partie gauche est enrichie de trois belles Vaches variées de couleur, dont deux sur le premier plan, qui se frappent de leurs cornes, et qu'un Pâtre vient séparer avec son bâton. Ce Groupe admirable se détache avec le plus grand art sur un fond de buisson où l'on voit deux saules légérement feuillés. Le milieu offre un vaste lointain de plaines frappées des rayons du soleil, d'où semblent s'élever les vapeurs de la terre. On y distingue encore quelques Bestiaux, sta Cette scène champêtre est éclairée par un ciel chaud er vaporeux, chargé de quelques nuages dont l'effet produit l'illusion la plus conaplère. Nous n'entreprendrons point d'analyser les beautés de ce chef-d'æuvre, dont l'effet aussi hardi que difficile, est rendu avec tant de vérité, qu'il le dispute à la nature. Les connaisseurs s'empresseront sans doute de rendre hommage à ce Morceau, auquel nous ne cone naissons rien de supérieur."
75,Pinacker,Adam,,,,"Magnifique Tableau de Paysage pris à l'entrée d'un bois. Toute la partie droite offre un Massif de grands Arbres qui forment un contraste admirable avec la richesse des lointains qui terminent la partie opposée. Du même côté, et sur le premier plan, on voit un Groupe de Chasseurs et de Chiens avec un Chevreuil mort. On distingue encore quelques autres Figures dans l'éloignement. Cet ouvrage brillant et admirable est vraiment un des chefs-d'œuvres de son genre, et sort de la ligne de tous les plus beaux Tableaux connus de ce Maître. Nous ne douton point que les Artistes ne rendent hommage à la perfection de ce Morceau, qui présente la plus belle leçon pour les Paysagistes, et où ils trouveront la plus étonnante vérité, et l'exécution la plus hardie. Nous ne pouvons rien ajouter qui fasse plus son éloge, que d'annoncer qu'il faisait dans le Cabinet le pendant du sublime Tableau de Both."
76,Rubens,Pierre-Paul,,,,"Grande Composition pleine de caractère, offrant le sujet de Jésus-Christ marchant au Calvaire, et succombant sous le poids de sa Croix Il est entouré de ses bourreaux, et suivi de sa Mère et des saintes Femmes qui se prosternent devant lui avec l'expression de la plus forte dous leur. Sur le premier plan sont les Soldats qui conduisent les deux Larrons condamnés à périr avec lui. Ce Morceau plein de feu, et énergiques ment pensé, est une esquisse terminée du grand Sujet traité par ce sublime Coloriste. On a trouvé en note, qu'il provient du Cabinet de Rubens, où M. Van der Mark en fic faire l'acquisition, ainsi que le Morceau suivant."
77,Par le même,,,,,"Le sujet de la Descente de Croix. On y voit la Madeleine soutenant le Corps du Sauveur, et plus loin saint Jean avec d'autres Apôtres. Morceau égal de mérite au précédent."
78,Ruisdael,Jacques,,,,"Point de vue d'un Pays plar, offrant sur la gauche quelques Chaumières au bord d'un Canal glacé, avec Barques et Figures de Matelots; du même côté, au premier plan, est un Pont de Brique entouré de Pilocis; plus loin, deux Moulins à vent et une Maison de Paysans, conduisent l'oeil à une perspective de Plaines qui se détachent sur un ciel couvert; vers la droite, on voit encore deux Personnages, dont un paraît donner des ordres à l'autre, pour le travail et l'entretien des Digues. Le seul éloge que l'on puisse faire de ce Tableau, c'est de le comparer à l'imitation la plus fidelle de la nature, dans tous ses détails."
79,Romyn,Guillaume,van,,,"Vue du Forum en Italie, et des Edifices qui entourent cette Place, qui sert maintenant de Marché. Tous les premiers plans sont couverts de Bestiaux, tels que Bæufs, Moutons, Beliers, Anes, etc. Au bas des Ruines d'un Temple, se voit encore une Paysanne assise, tenant son Enfant et causant avec un vieux Pâtre qui est debout et va par le dos; du côté opposé, deux Baufs sont attelés à une Charrette. Ce Tableau, d'une admirabie exécution et de la plus forte couleur, justifie les grands talens de ce Peintre, qui est sur la première ligne, et dont les Productions se soutiennent à côté des chefs-d'auvres de son genre."
,,,,,,
80,Ruisdael,Salomon,,,,"Riche Point de Vue d'un Village au bord d'une Rivière. A la droite est une Barque remplie de Paysans et de Bestiaux, et du côté opposé quelques Bateaux, Barques de Pêcheurs et Personnages divers. Ce Tableau, d'un riche détail, est du meilleur choix dans les Ouvrages de ce Peintre."
81,Saenredam,Pierre,,1630,,"L'Hôtel de Ville de Harlem , représenté dans tous ses détails d'architecture, avec autant de vérité que de précision. L'Artiste a enrichi ce Tableau d'un grand nombre de Figures, retraçant l'époque de l'entrée du Prince Maurice dans cette Ville, pour changer la Régence. A la suite de ce grand Cortége, sont nombre de Cavaliers, dont plusieurs tirent des coups de fusil. Ce Morceau très-rare, et le seul qui ait paru jusqu'à présent en vente, est curieux sous les rapports de l'Art et de l'Histoire"
82,Steen,Jean,,,,"La Fiancée précoce. Dans un Intérieur d'Appartement, une jeune er jolie Femme est couchée sur un Sopha; son Prétendu , vêtu de noir, lui tâte le Pouls avec intérêt, er paraît sourire de son indisposition qu'il indique du doigt à la Mère; un Tapis couvre le Sopha; on aperçoit sur le premier plan, un fort beau Chien, une Pantoufle et une Terrine dans laquelle fume un bout de ruban de Bruges ; derrière la malade arrive un Homme réjoui, qui, d'une main, soutient en l'air une Tarte dans un Plat, et de l'autre présente une Pinte de Vin; on distingue. dans l'enfoncement un petit Tonneau, un Torchon, une Table sur laquelle est un Baquet plein d'Huîtres, qu'une vieille Femme quvre; on voit derrière elle deux Vieillards et la Porte de la Chambre qui reste ouverte. Morceau de première qualité, d'une finesse extrême, d'une plaisanterie décente, et digne en tout du pinceau de Metzu."
83,Par le même,,,,olieverf op doek,"La Fête des Rois. Composition de onze Figures, les unes en pied, les autres assises autour d'une Table chargée de différens Mets, de Pain, de Beurre, de Fromage et de Vin; une vieille Femme dans un Fauteuil , offre le caractère et l'abandon de la joie la plus décidée; en face d'elle, un jeune Enfant, debout sur la Table, représente le Roi de la Fête; il tient dans ses bras un Pigeon, et reçoit à boire des mains d'une autre Femme âgée. Le désordre et la franche gaieté d'une orgie, sont rendus dans ce Tableau de la manière la plus variée, et avec l'esprit original de l'Auteur."
84,Staveren,Jean Adrien,van,,,"Intérieur d'un Appartement voûté. Un Phiche en Habit violet garni de fourura la tête coiffée d'un Bonnet, est assis d'une Table; elle est couverte d'un Tapi quelques Livres et d'une Sphere; il parai gé dans la méditation; différens aco tels qu'un Coffre, un Livre, un Violo Vase de bois rempli d'eau, sont placés sur premier plan; on voit dans l'éloignement un Domestique sortant par une Porte, et plus loin encore, une Chambre à coucher; un Rideau levé laisse apercevoir les Fenêtres, qui jettent un jour mystérieux sur tous les objets.
Ce Morceau précieux et piquant, rient à la manière de Gérard Dow, dont Van Staveren a suivi les traces avec succès."
85,Saftleven,Hermand,,1650,,"Un des plus riches Points de Vue du Rhin Différens Personnages qui se promènent, des Ouvriers chargés de fardeaux, et plusieurs grosses Pierres de Moulins, sont placés sur le premier Plan; vers la gauche on aperçoit un People nombreux, et dans l'éloignement une Eglise, une Tour, plusieurs Bâtimens, des Montagnes couvertes de Bois, et une Rivière ; on remarque à droite, des Terres labourées, des Chaumières de Paysans, des Bosquets, et une Montagne escarpée; elle se perd dans un ton vaporeux et brillant. Cette Composition qui renferme un Pays immense, est du fini le plus précieux."
86,Teniers,David,,,,"L'Intérieur d'une Chaumière servant de Corps de garde. Un jeune Homme tient dans sa main deux Pistolets qu'il semble vouloir attacher à la Muraille; vers la droite, également sur le premier Plan, on voit différentes Armures, des Cuirasses, des Selles et des Casques d'une vérité merveilleuse; à gauche, dans l'enfoncement, on distingue des Paysans et un Militaire, dont quatre autour d'une Table, qui jouent aux Cartes, et le cinquième, le dos tourné à la minée, et qui les regarde ; plus loin, du mån côté, une porte est ouverte d'où l'on voit e trer une Femme qui apporte un Plat et une Cruche. Nombres de détails et Ustensiles de ménage contribuent à la richesse de ce Mora ceau vraiment digne de la réputation de son Auteur; en effet, il réunit au ton de couleur le plus suave et le plus vigoureux, une exécution facile et brillante, ainsi que cette harmonie de clair obscur inappréciable, que l'on admire dans les Productions les plus distinguées de ce grand Peintre."
87,Par le même,,,,,"Riche Composition de neuf Figures rassenblées dans la Chambre basse d'une Hôtellerie. Au milieu et sur le premier Plan, deux Personnages assis et deux autres debout, sont autour d'une Table couverte d'un Tapis vert; des Cartes indiquent qu'on vient d'y faire une partie; l'un des Joueurs, dont le Chapeau est sur le dos de sa Chaise, compre l'argent qu'il pa raît avoir perdu; les trois autres le regardent avec attention; à droite, le Maitre de l'Auberge s'occupe à calculer sur une Ard ise, le montant de la dépense faite chez lui. Cette scène naturelle est éclairée par le jour d'une Fenêtre grillée et pratiquée dans le haut d'une Voûte; vers la gauche, dans l'enfoncement d'une Chambre pareillement éclairée, l'on aperçoit quelques Paysans, les uns assis et les autres debout auprès du feu, où ils sont occupés a causer ensemble. Différentes Poteries, des Vases et des Bouteilles, partie attachée à la muraille, et l'autre sur une Planche, ainsi que plusieurs Meubles rustiques, ajoutent à l'intérêt et à l'éclat de ce Morceau de première classe, qui, au mérite du ton le plus argentin, joint celui d'une représentation exacte et spirituelle dans ses moindres détails. Nous pensons qu'il peut être comparé pour sa perfection, à celui du même Peintre, qui était dans la Collection de feu Tolozan, et qui était désigné dans la curiosité, sous le titre du Tableau au Chapeau blanc."
88,Teniers,David,,,,"Point de Vue d'un Village. La droite occupée par une grande Chaumière servant d'A berge, près de laquelle on voit plusieurs Pa sans, dont un Groupe de cinq qui boivent fument et causent ensemble; près d'eux l'on distingue encore différens accessoires, tels qu'un Tonneau , plusieurs Vases de Terre et un Chaudron de cuivre, qui augmentent la richesse de tout ce premier plan , qui est séparé par une Rivière, d'un Village qui occupe toute la partie gauche du sujet; on y voit dans l'éloignement, quelques Maisons entourées d'Arbres, et le Clocher d'une Eglise, qui se détachent avec vigueur sur un ciel clair et argentin. Ce Tableau piquant d'effet, présente une touche spirituelle et savante, ainsi que le ton chaud des plus belles Fêtes flamandes, et tout le talent de ce Peintre inimitable."
89,Par le même,,,,,"Quelques Maisons rustiques et une Eglise environnée d'Arbres. Les devans offrent un Terrain élevé où sont trois Paysans, dont un qui porte un Paquet sur son dos, et se dirige vers le Village, et deux autres arrêtés à causer. Joli Morceau, de l'exécution la plus facile."
90,Tulden,Theodoor,van,,,"Composition de la plus riche ordonnance, représentant le sujet de la continence de Scipion. Le Peintre y a représenté avec le plus grand art, les physionomies différentes, les caractères de vertu, d'admiration et de reconnaissance convenables au sujet. Ce Morceau de chevalet a été exécuté en grand par cet habile Coloriste, pour une famille de Bruges, ainsi qu'en parle Descamps, dans sa vie des Peintres."
91,Terburg,Gerard,,,olieverf op koper,"Tout ce qui peut donner du prix à un Tableau, l'importance du sujet, le nom d'un grand Maître, le mérite de l'exécution, la fia des costumes, la ressemblance de famen sonnages, toutes ces qualités se trouvent nies dans cet admirable Ouvrage de Terbure C'est un Monument précieux qui rappelle une des époques les plus intéressantes des règnes de Louis XIV, de Ferdinand III, de Philippe IV et de la célèbre Christine de Suède, c'est-àdire le mémorable Congrès de Munster et le Traité de ce nom, qui termina , après cinq ans de travaux, la plus fameuse des Négociations, et tous les combats politiques qui tenaient l'Europe en suspens.
Ce Tableau, si connu par la belle Estampe de Suiderhof, devenue très-rare aujourd'hui, offre l'intérieur d'une des Salles du Palais épiscopal de Munster. Les Ambassadeurs de toutes les Puissances, les Députés de tous les Ordres de l’Empire, appelés à régler de si grands intérêts, y sont représentés d'après nature. Sans donner ici tous les noms des 96 Ministres ou délégués qui composaient cette Assemblée, nous nous bornerons à citer les plus célèbres, tels que ceux des Comtes de St-Même d'Avaux, et Servien de la Roche, pour la France ; du Comte de Gusman de Pegneranda, pour l’Espagne; du Baron d'Oxenstiern, pour la Suède; du Président Adrien Pauw, Allié secret de l'Espagne, ennemi forcené de la France, et Député des Etats - Généraux des Provinces - Unies; enfin du Chevalier Contarini, Ambassadeur de Venise, République alors si puissante, que sa médiation était invoquée par les plus grands Souverains de l'Europe. Terburg luimême s'est placé parmi les Spectateurs ; il paraît avoir choisi le moment où chaque députation vient, à son tour, jurer sur la croix d'observer les clauses du Traité qui la concerne. Un Ministre de l'Evangile tient le Saint Livre ouvert. Il est placé sur une Table couverte d'un riche Tapis. On y remarque deux Coffrets destinés à renfermer les copies du Traité; les différentes impressions que produit sa lecture, sont exprimées sur toutes les Figures, avec autant d'énergie que de vérité; en un mot, le précieux fini de tous les détails, ajoute encore à la perfection de l'ensemble. Houbraken, d'Angeryille er Descamps, cirent ce Tableau comme un chef-d'oeuvre. Ils rapportent que Terburg ne voulût jamais le céder pour six mille florins. C'est d'un de ses descendans, Recev rentes dans la Province d’Over-Yssel Van Leyden a eu le bonheur de l'obter rectement."
92,Terburg,Gerard,,,olieverf op paneel,"Composition simple et naturelle de deux Fi. gures représentées assises et jusqu'au dessous du genou, dans un Intérieur près d'une Table. L'une d'elles est une jeune Dame dans un Costume galant et négligé, composé d'un Corset violet et d'une Jupe de satin blanc, garnie d'une dentelle d'or. Une large Coiffe noire couyre sa Tête et fait ressortir sa chevelure blonde et bouclée, ainsi que la carnation fraîche de sa jolie figure; elle tient un Verre d'une main , et porte l'attention à ce que paraît lui dire un Officier coiffé d'un Chapeau rabattu et ajusté d'un Baudrier chargé de broderie en argent. Cet Ouvrage de la plus grande finesse, mérite encore d'être classé au nombre des meilleures productions de ce grand Artiste."
93,Tol,,van,,olieverf op paneel,"Sujet plaisant de deux Enfans jouant sur l'appui d'une Croisée. L'un d'eux tient une Souricière élevée, et sa jeune saur la montre à un Chat que son frère tient sous son bras. A gauche de certe jolie Composition, un Rideau largement drapé, ainsi qu'un Pot de fleurs placé en avant sur la droite, y forment accessoires et ajoutent à l'intérêt de ce morceau, dont la fraîcheur de coloris et la finesse de touche rappellent la belle manière du Maître de cet habile Artiste."
94,Ulft,Jacob,van der,,paneel,"Une composition magnifique et imposante, offrant le sujet des Travaux naissans de la Ville de Carthage. Dans le milieu du premier plan l'on voit Didon ayant à sa droite le jeune Ascagne, et faisant remarquer à Enée un Edifice de riche architecture qui occupe toute la partie droite du sujer. Une multitude de Figures sont répandues sur les différens plans, er forment nombre de groupes intéressans qui tous ont des rapports analogues à ce sujet. Ce morceau joint à une extrême can cette touche brillante et facile qui caractér le grand Peintre. Nous ne connaissons rien a plus capital de cet Auteur."
95,Voys,Arry,de,1656,olieverf op paneel,"Intérieur de cuisine, où l'on voit un Groupe de trois Figures en avant d'une Cheminée où est un Feu ardent qui chauffe une Marmite. Le personnage principal est une Paysanne enceinte qui tient un Pot, et semble rire des propos d'un Homme qui est derrière elle. A la droite, du côté opposé, est un jeune Garçon tenant un Livre et paraissant réciter sa leçon. Un Seau rempli de Légumes, des Poissons secs, des Fruits, un Pot au Lait de cuivre, et divers autres détails forment autant de riches accessoires dans cette Composition naturelle et plaisante. Tout le sujer tire sa lumière d'une petite Croisée qui donne sur la Campagne. Il est rare de rencontrer dans les Cabinets des Ouvrages de cer habile Peintre, qui a très-peu travaillé , et qui s'appliqua à imiter la manière des Peintres les plus précieux de son tems, et particulièrement celle de Van Slingellandt, dont il était contemporain. Nous classons encore ce Tableau au nombre de ces Productions remarquables de Peinture, où l'art et l'intelligence du clair obscur ne le cèdent en rien à la beauté et au précieux de l'exécution."
96,Par le même,,,,,"Le Portrait de Willem Van Hemskerk, réprésenté à mi - corps, la main gauche sur - la poitrine et dans un moment d'expression.
Il est vêtu d'une Robe de chambre gris de lin, avec une Veste brodée en argent, ayant les Cheveux qui tombent négligemment et par boucles sur ses épaules. Cette Figure, du caractère le plus gracieux, se dérache sur un fond d'Architecture percé en arcade, qui laisse voir le fond d'un Parc dans l'éloignement. Morceau d'une riche couleur et d'un fini précieux."
97,Voys,Arry,de,1656,,"Un autre Portrait encore de rare qualité. offrant celui de Maria Van Sorgen, femme du précédent. Elle est vue de face et à mi-corps, et ajustée de bon goût d'une large Robe de soie recouverte d'une écharpe bleue, et soutenant de sa main droite un manteau bordé d'hermine. Ce morceau est digne par sa perfection de faire le pendant du précédent."
98,Velde,Adrien,van de,,,"Point de Vue d'un Paysage champêtre d'un site aussi riche que vrai. Dans le milieu est un gros Chêne au pied duquel est un Pâtre assis qui pêche à la ligne dans un Canal limpide auprès de son Troupeau, où l'on remarque deux Vaches, dont une noirâtre, un groupe de trois Moutons et un Agneau ; plus loin, sur la droite, est encore une Vache couchée auprès d'une Cabane entourée d'Arbres ; à gauche s'élève un Saule où l'on distingue une Chèvre, et qui contribue par son effet à mettre dans la perspective la plus juste, un joli lointain de Prairies et de Bois. Ce morceau de première classe, l'une des compositions les plus distinguées de son Auteur, offre tout à la fois le charme du plus beau coloris, et cette touche moelleuse et suave que l'on admire dans ses plus belles productions."
99,Par le même,,,,,"Un autre Point de Vue de Paysage d'un site découvert, offrant dans la partie droite, des Ruines de Monumens et quelques Arbres. Au milieu est un grand Chemin où l'on compte seize Animaux, Bæufs, Vaches, Moutons, Chèvres et Beliers, que conduit un jeune Pâtre; sur un plan éloigné de la partie gauche, on remarque encore une Femme sur son Mulet et un Homme arrêtés devant une Chapelle. Cette admirable production est éclairée avec le plus grand art par un ciel brillant et heureusement nuagé, qui rappelle les rares talens de son Auteur, et présente un diamant dans son genre."
100,Velde,Guillaume,van de,,,"Point de Vue de Mer, par un beau calme, et couverte de nombre de Bâtimens, Barques marchandes et Bateaux de Passagers. On y compte plus de cinquante Figures dans une admirable variété de mouvement et d'occupation. Ce Tableau, d'une belle proportion, offre une des heureuses compositions de ce premier Peintre dans son genre, par sa précieuse qualité; mais nous devons annoncer qu'une légère réparation lui serait nécessaire, particulièrement dans quelques détails des agrès, et lui rendrait tout son éclat."
101,Verbeecq,Pierre,,,,"Palfrenier conduisant deux Chevaux dans la Campagne, et se disposant à monter sur l'un d'eux, à l'aide d'une Pierre, Petit sujet d'une excellente couleur et précieux de touche, qui se détache d'une manière brillante sur un fond de Montagnes."
102,"Verboom
Lingelback","Jean
Jean",,,,"Site de Paysage indiquant un Point de vue d'Italie. La partie droite présente une Masse d'anciennes constructions parmi des rochers garnis d'Arbrisseaux. Dans le milieu est un Chemin où l'on voit sur le devant un homme conduisant un Ane, et suivi d'une femme qui est montée sur un autre. Dans la partie gauche s'élèvent plusieurs grands Arbres, à travers lesquels on découvre un lointain d'arbres et de Montagnes. Le Peintre a placé encore sur différens plans quelques Figures et un joli Troupeau d'Animaux. Ce Morceau plein de vérité, et d'une touche facile et brillante , offre un des Morceaux de choix de son Auteur."
103,Uliet,van,H,1657,,"Intérieur d'une Eglise réformée, pris au jour, et éclairé par les effets les plus piquans du soleil. La perspective en est tellement exacte, que l'illusion en est complete. Diverses Figu v sont distribuées avec autant de vérité que: telligence Ce Morceau est aussi curieux que par fait dans son genre."
104,Verkolie,Nicolas,,,,"Une Composition de trois Figures, offrant le sujet d'une Bohémienne disant la bonne aventure à une jolie Femme, d'une carnation blonde, derrière laquelle est un jeune Homme vêtu en Espagnol, qui indique par son geste ses réflexions malignes sur les prédictions qu'on lui fait. Un beau Tapis forme à gauche un riche accessoire sur le devant de ce Tableau , qui est du ton de couleur le plus fin, et d'un bon choix parmi les Ouvrages de cet excellent Peintre, toujours grâcieux dans ses sujets."
105,Vlieger,Simon,de,,,"Point de vue de Mer. Elle est couverte de Bâtimens, Barques et Yachts formant la flotte du prince Frédéric Henri, devant Oost, à l'époque du 3 Juin 1616. La transparence et le jeu des eaux , ainsi que les nombreux détails qui sont rendus avec le plus grand art dans cette riche Composition, présentent un des Ouvrages les plus marquans et les plus heureux de cet excellent Peintre. Il provient de la belle vente de Van Slingellandı, faite en 1785.
"
106,Wouvermans,P.H.,,,,"Riche Point de vue de Paysage presque découvert, et offrant dans son étendue de belles Colines et Montagnes. Au milieu, sur le devant, l'on voit trois Militaires à cheval arrêtés près d'un abreuvoir. Celui que l'on distingue davantage, est un officier montant un beau Cheval blanc, suivi d'un Porte - drapeau. A quelques pas est une Paysanne chargée de différens Légumes, et accompagnée de son Enfant. Au troisième plan, à gauche, l'on distingue encore différens Personnages, et deux Cavaliere qui passent une rivière à gué. La partie de est occupée par les ruines d'un Pont d'on cend un Chariot chargé de bagages, et qui passer près d'un Groupe de deux Arbres qui lient admirablement à la Composition, et se de tachent avec légéreté sur un ciel azuré et bril lant. Ce Tableau, d'une haute qualité et d'une grande richesse sans confusion, peut être cité comme un de ses Ouvrages qu'il a le plus soignés. Il a montré le plus grand art dans la distribution de ses lumières et l'entente générale du clair obscur, qui est soutenu du ton le plus vigoureux et en même tems le plus aimable. Nous ne craignons pas de l'annoncer comme un des Morceaux du premier choix de son Auteur.
"
107,Wouvermans,P.H.,,,,"Point de vue d'une Roche pittoresque, surmontée de Fabriques et de Ruines occupant toute la partie gauche d'une Campagne découverte, et servant de forge à un maréchal. On le voit occupé à ferrer un mauvais Cheval blanc,tandis que deux Ouvriers battent le fer. Plus loin l'on distingue deux Femmes, dont une en bormie auprès du Berceau de son Enfant. A la droite, en second plan, et sur un Chemin ferré et élevé, est un Chariot rempli de bagage, artelé de trois Chevaux, qui gravit avec peine, et est poussé derrière par un Paysan. Un ciel des plus éclatans et de la plus parfaite harmonie, contribue à faire ressortir tous les détails de cette agréable Composition. Il est impossible de présenter un Morceau plus piquant et plus juste dans son effet. Il joint à une extrême finesse , cette touche moelleuse et facile toujours fainilière à cet excellent Peintre."
108,Par le même,,,,,"Site pittoresque de Paysage avec Chaumières, Ruines et léger Pont de bois, par un tems de neige, et enrichi de diverses petites Figures de Bûcherons et autres. Il était impossible de représenter avec plus de goût et de vérité, et dans un ton plus harmonieux un sujet aussi agreste, et qui présente tant de difficultés dans l'exécution. Wouvermans a prouvé dans ce joli qu'il était possible de colorer un sujet den et de rompre cette monotonie que l'on a te chée souvent à ces sortes d'effets."
109,"Winantz
Velde","J.B.
Ad","
van de",,,"Site montagneux d'un riche Paysage mêlé de Dunes avec quelques Arbres. A droite est la partie d'un Parc entouré d'une Barrière pittoresque, où l'on voit des Personnages qui se promènent. Dans le milieu, divers Groupes d'Arbres. artistement feuillés, conduisent l'æila d'agréables lointains de Prairies er Montagnes, qui terminent la partie gauche, dont les premiers plans sont enrichis de diverses belles Figures, et d'un Troupeau de Bæufs et de Moutons conduit par un Pâtre. Winanız et Adrien Van de Velde se sont réunis pour produire un Ouvrage de la première distinction, et nous assurons qu'il n'est pas possible de rien rencontrer de plus parfait et de plus heureux de ces deux Maîtres."
110,Par le même,,,,,"Charmant Point de vue de Paysage, pris dans un site de Dunes. La partie droite offre un Terrein élevé et sabloneux garni d'Arbres et d'une Barrière qui partage le chemin. La gauche est terminée par un lointain de Plaines et Côteaux que borde une Rivière. Ce Morceau brillant et du détail le plus agréable, est enrichi d'un sujet de Chasse au vol, de la précieuse touche de Jean Lingelback."
111,"Wils
Berghem","Jean
Nicolas",,,,"Point de vue de Paysage, site d'Italie, avec Ruines dans toute la partie droite, servant d'auberge aux voyageurs; les plans éloignés sont e nrichis de quelques Figures de cet Artiste ; et celles principales, que l'on voit sur le premier plan, de la main de Nicolas Berghem , offrent un Cavalier tenant u. Verre à la main, que vient de lui apporter une Servante et un Paysan chargé d'un Ballot, et qui se repose. On distingue encore deux jolis Chiens. Ce Tableau piquant d'effet est aussi d'une exécution facile d'un excellent ton de couleur. Nous ne sons subsister le nom de Jean Wils, que conserver l'ordre de la Notice déjà envové aux Amateurs étrangers, et nous prévenons que le Paysage est de la main de Pierre Van Laar. "
112,Wouvermans,Pierre,,,,"Le sujet d'une Foire sur le grand Chemin d'un Village. Toute la partie droite est occupée par des Chaumières et Baraques de Bateleurs, dont les tours rassemblent autour d'eux une foule de Curieux. On y remarque un Chariot de poste, attelé de deux Chevaux, et quatre Cavaliers, dont trois forment un Groupe dans le milieu. Vers la gauche, on voit encore des Personnages arrêtés devant des Mendians à qui ils font l'aumône. Le nom de Wouvermans est si recommandable dans la Peinture, qu'un Connaisseur placera toujours avec plaisir une Production aussi distinguée de Pierre Wouvermans , qui a suivi de si près dans ses Compositions la richesse des ouvrages marquans de son frère, et dont l'exécution présente toujours un pinceau facile et brillant."
113,Wael,Joachim,van,,,"Deux petits Tableaux composés d'un grand nombre de Figures, et du plus riche détail, offrant les sujets de Jupiter foudroyant les Titans, et Diane surprise au Bain par Actéon. Ces deux jolis Morceaux joignent à une couleur brillante le plus précieux fini."
114,,,,,,"Deux petits Portraits, de forme ovale, sur bois et sur cuivre. "
115,Inconnu,,,,,"Le Chevalet de Guillaume Miéris , avec Tableau peint en grisaille, offrant Minerve tenant le Flambeau des Arts auprès d'une Figure allégorique, caractérisant le Génie de la Peinture. Rien n'est plus intéressant que ce Meuble curieux, qui a servi à cet excellent Peintre pour tous ses précieux Ouvrages."